N,Method,Delta Estimate,Delta SE,Delta VRF,Delta Time (s),Vega Estimate,Vega SE,Vega VRF,Vega Time (s)
256,CMC,0.5618226721564015,0.022347693509366624,1.0,0.227,48.88697215829446,5.340903212932569,1.0,0.231
256,CMC + Antithetic,0.5888614077929532,0.019394015618371337,1.33,0.222,55.54764215157827,6.59497147378754,0.66,0.237
256,RQMC,0.5851882555780779,0.005781048077310378,14.94,0.352,50.83336199115064,1.1270613187623522,22.46,0.355
512,CMC,0.5753634082421528,0.012020120178231931,1.0,0.305,52.991199280729155,3.9053618797612777,1.0,0.314
512,CMC + Antithetic,0.5838419981400856,0.011643571454724158,1.07,0.299,53.240775840289466,3.845457564016583,1.03,0.321
512,RQMC,0.5877101941739028,0.0026838299663077283,20.06,0.444,53.090121856923346,0.8511468972084593,21.05,0.445
1024,CMC,0.5850687295059729,0.009202070745617356,1.0,0.431,52.87799252009796,2.8175573975371093,1.0,0.444
1024,CMC + Antithetic,0.5883462213420363,0.007010948155453244,1.72,0.419,54.1245062537449,2.248009999861164,1.57,0.447
1024,RQMC,0.5906844288931044,0.0016345911015514872,31.69,0.591,53.636859772104,0.3799280334258942,55.0,0.591
2048,CMC,0.5854106969943825,0.00527518263157939,1.0,0.714,53.10863609345316,1.133231163229785,1.0,0.711
2048,CMC + Antithetic,0.5923553005923013,0.004723016933509414,1.25,0.657,55.35907123454739,1.4247680787048083,0.63,0.698
2048,RQMC,0.5896991391712291,0.0008017363332994082,43.29,0.889,52.73635179404533,0.2192591311828928,26.71,0.892
4096,CMC,0.5842244450987064,0.00420205475836424,1.0,1.244,52.968741552051135,0.9750562635579322,1.0,1.401
4096,CMC + Antithetic,0.5888705357015627,0.0031230692506839727,1.81,1.203,53.87252354786486,1.0415437379728343,0.88,1.272
4096,RQMC,0.5896580056138411,0.0004557740760131109,85.0,1.577,53.44606481308016,0.15865777115729304,37.77,1.577
8192,CMC,0.5925588815845446,0.0029603399867838454,1.0,2.497,54.39560656715915,0.5803659071502081,1.0,2.694
8192,CMC + Antithetic,0.590588620603299,0.003176046155666863,0.87,2.408,54.18614175144284,1.0140888761460443,0.33,2.559
8192,RQMC,0.5913327525087422,0.0002984465175601984,98.39,3.076,53.547671495744325,0.12804836160667532,20.54,3.083
16384,CMC,0.5907873372345018,0.0026575010482490394,1.0,4.829,53.663135678121975,0.6785604220462361,1.0,4.861
16384,CMC + Antithetic,0.5930712813605736,0.0017040491041297639,2.43,4.636,55.234582597728746,0.6363115548264453,1.14,4.937
16384,RQMC,0.5907422041221746,0.00029941120892191305,78.78,5.91,53.64857911379066,0.1658344578631202,16.74,5.937
32768,CMC,0.5917914814226879,0.0017755059561004934,1.0,10.074,53.96121912150114,0.44993662827192504,1.0,11.154
32768,CMC + Antithetic,0.5923243611660626,0.0010336165348322963,2.95,9.716,54.551872298824975,0.4776311412929898,0.89,10.476
32768,RQMC,0.5904906852571339,0.000312367445286047,32.31,12.398,53.83883922119401,0.064437296877658,48.76,12.33
65536,CMC,0.5923635154686983,0.0015076941047230084,1.0,23.84,54.275182423412446,0.4429834008497341,1.0,27.372
65536,CMC + Antithetic,0.5922978642088832,0.00046419270951704504,10.55,22.692,54.36963050335613,0.32859241327843386,1.82,25.617
65536,RQMC,0.5907554892116402,0.0002291447305624632,43.29,29.384,53.889006844308824,0.09702399012842394,20.85,29.266
131072,CMC,0.591908076123394,0.0009194610714255955,1.0,62.415,54.262820448430126,0.2884626600073281,1.0,76.493
131072,CMC + Antithetic,0.5924880306773146,0.0006523254545057986,1.99,60.883,54.35328679846801,0.286177999196115,1.02,73.222
131072,RQMC,0.590791955580825,0.00014032961833103047,42.93,84.909,53.846886008733634,0.03933919410023861,53.77,85.704
262144,CMC,0.591337811403766,0.0008709505945342246,1.0,157.284,54.00744950664853,0.1992766676042815,1.0,174.018
262144,CMC + Antithetic,0.5918529969266807,0.000515285448937926,2.86,155.94,54.22621049780071,0.16957495305481854,1.38,162.028
262144,RQMC,0.5908028594695367,9.605466473278477e-05,82.21,212.804,53.83271534520611,0.026358138478136176,57.16,210.645
