Analysis,method,N,bump,estimate,SE,CI_low,CI_high,time_s
Vega,mc,16384,0.001,53.66041910773065,0.6785192562636226,52.056,55.2649,5.916966915130615
Vega,mc,16384,0.01,53.663135678121975,0.6785604220462361,52.0586,55.2677,5.9023518562316895
Vega,mc,16384,0.1,53.63361879002819,0.6810988022836886,52.0231,55.2442,5.9097981452941895
Vega,mc + antithetic,16384,0.001,55.23173909891982,0.6347091613413599,53.7309,56.7326,5.754870891571045
Vega,mc + antithetic,16384,0.01,55.234582597728746,0.6363115548264453,53.7299,56.7392,5.745504140853882
Vega,mc + antithetic,16384,0.1,55.13098055788143,0.5803538868719981,53.7587,56.5033,5.788219213485718
Vega,mc + cv,16384,0.001,53.66041910773065,0.6785192562636218,52.056,55.2649,6.113266944885254
Vega,mc + cv,16384,0.01,53.663135678121975,0.6785604220462363,52.0586,55.2677,6.146903991699219
Vega,mc + cv,16384,0.1,53.63361879002818,0.6810988022836878,52.0231,55.2442,6.161311864852905
Vega,mc + cv + antithetic,16384,0.001,55.231739098919824,0.6347091613413607,53.7309,56.7326,6.005007266998291
Vega,mc + cv + antithetic,16384,0.01,55.234582597728746,0.6363115548264445,53.7299,56.7392,6.0024778842926025
Vega,mc + cv + antithetic,16384,0.1,55.13098055788143,0.5803538868719993,53.7587,56.5033,5.982532739639282
Vega,qmc + bb,16384,0.001,53.64988798037111,0.1656411679126359,53.2582,54.0416,7.105874061584473
Vega,qmc + bb,16384,0.01,53.64857911379066,0.1658344578631202,53.2564,54.0407,6.9015679359436035
Vega,qmc + bb,16384,0.1,53.6412812420846,0.1688484307448412,53.242,54.0405,6.921507120132446
Vega,qmc + bb + cv,16384,0.001,53.649887980371105,0.16564116791263622,53.2582,54.0416,7.128208160400391
Vega,qmc + bb + cv,16384,0.01,53.64857911379065,0.16583445786312076,53.2564,54.0407,7.128278017044067
Vega,qmc + bb + cv,16384,0.1,53.6412812420846,0.1688484307448413,53.242,54.0405,7.152169942855835
