analysis,method,N_example,n_points,bump_mean,estimate_mean,estimate_std,SE_mean,CI_low_mean,CI_high_mean,time_s_mean,param_name,param_count,vrf_mean,vrf_max,vrf_values
Delta,qmc + bb + cv,16384.0,3.0,0.037,0.594331,0.006735,0.000393,0.5934,0.595267,7.126075,,,,,
Vega,mc,16384.0,3.0,0.037,53.652391,0.01332,0.679393,52.0459,55.258933,5.909706,,,,,
Vega,mc + antithetic,16384.0,3.0,0.037,55.199101,0.048182,0.617125,53.739833,56.658367,5.762865,,,,,
Vega,mc + cv,16384.0,3.0,0.037,53.652391,0.01332,0.679393,52.0459,55.258933,6.140494,,,,,
Vega,mc + cv + antithetic,16384.0,3.0,0.037,55.199101,0.048182,0.617125,53.739833,56.658367,5.996673,,,,,
Vega,qmc + bb,16384.0,3.0,0.037,53.646583,0.003787,0.166775,53.2522,54.040933,6.976316,,,,,
Vega,qmc + bb + cv,16384.0,3.0,0.037,53.646583,0.003787,0.166775,53.2522,54.040933,7.136219,,,,,
Delta (VRF),rqmc_vs_cmc,,,,,,,,,,sigma,6.0,13.220247,26.585318,"[2.4259464429281237, 8.893929434887678, 26.585317709427116, 13.320868728886962, 14.255516114360265, 13.839901562170233]"
Vega (VRF),rqmc_vs_cmc,,,,,,,,,,gamma,5.0,34.381081,118.228522,"[36.12817024296037, 118.22852155056341, 8.416209125563089, 7.536666948464724, 1.5958381912194042]"
delta (VRF multi),mc,,,,,,,,,,sigma,5.0,1.0,1.0,
delta (VRF multi),mc + antithetic,,,,,,,,,,sigma,5.0,1.459917,2.297746,
delta (VRF multi),mc + cv,,,,,,,,,,sigma,5.0,0.974796,1.129574,
delta (VRF multi),mc + cv + antithetic,,,,,,,,,,sigma,5.0,1.447244,2.406793,
delta (VRF multi),qmc + bb,,,,,,,,,,sigma,5.0,21.478043,32.026693,
delta (VRF multi),qmc + bb + cv,,,,,,,,,,sigma,5.0,11.680931,16.225686,
